{"frames":{"bead_01.png":{"frame":{"x":0,"y":0,"w":161,"h":167,"idx":0},"spriteSourceSize":{"x":0,"y":0},"sourceSize":{"w":161,"h":167}},"bead_02.png":{"frame":{"x":0,"y":169,"w":161,"h":167,"idx":0},"spriteSourceSize":{"x":0,"y":0},"sourceSize":{"w":161,"h":167}},"bead_03.png":{"frame":{"x":0,"y":338,"w":161,"h":167,"idx":0},"spriteSourceSize":{"x":0,"y":0},"sourceSize":{"w":161,"h":167}},"bead_04.png":{"frame":{"x":0,"y":507,"w":161,"h":167,"idx":0},"spriteSourceSize":{"x":0,"y":0},"sourceSize":{"w":161,"h":167}},"bead_05.png":{"frame":{"x":163,"y":0,"w":161,"h":167,"idx":0},"spriteSourceSize":{"x":0,"y":0},"sourceSize":{"w":161,"h":167}},"bead_06.png":{"frame":{"x":326,"y":0,"w":161,"h":167,"idx":0},"spriteSourceSize":{"x":0,"y":0},"sourceSize":{"w":161,"h":167}},"bead_07.png":{"frame":{"x":489,"y":0,"w":161,"h":167,"idx":0},"spriteSourceSize":{"x":0,"y":0},"sourceSize":{"w":161,"h":167}},"bead_08.png":{"frame":{"x":652,"y":0,"w":161,"h":167,"idx":0},"spriteSourceSize":{"x":0,"y":0},"sourceSize":{"w":161,"h":167}},"bead_09.png":{"frame":{"x":163,"y":169,"w":161,"h":167,"idx":0},"spriteSourceSize":{"x":0,"y":0},"sourceSize":{"w":161,"h":167}},"bead_10.png":{"frame":{"x":163,"y":338,"w":161,"h":167,"idx":0},"spriteSourceSize":{"x":0,"y":0},"sourceSize":{"w":161,"h":167}},"bead_11.png":{"frame":{"x":163,"y":507,"w":161,"h":167,"idx":0},"spriteSourceSize":{"x":0,"y":0},"sourceSize":{"w":161,"h":167}},"bead_12.png":{"frame":{"x":326,"y":169,"w":161,"h":167,"idx":0},"spriteSourceSize":{"x":0,"y":0},"sourceSize":{"w":161,"h":167}},"bead_13.png":{"frame":{"x":489,"y":169,"w":161,"h":167,"idx":0},"spriteSourceSize":{"x":0,"y":0},"sourceSize":{"w":161,"h":167}},"bead_14.png":{"frame":{"x":652,"y":169,"w":161,"h":167,"idx":0},"spriteSourceSize":{"x":0,"y":0},"sourceSize":{"w":161,"h":167}},"bead_15.png":{"frame":{"x":326,"y":338,"w":161,"h":167,"idx":0},"spriteSourceSize":{"x":0,"y":0},"sourceSize":{"w":161,"h":167}},"bead_16.png":{"frame":{"x":326,"y":507,"w":161,"h":167,"idx":0},"spriteSourceSize":{"x":0,"y":0},"sourceSize":{"w":161,"h":167}},"bead_17.png":{"frame":{"x":489,"y":338,"w":161,"h":167,"idx":0},"spriteSourceSize":{"x":0,"y":0},"sourceSize":{"w":161,"h":167}}},"meta":{"app":"http:\/\/www.layabox.com","version":"1.00","format":"json","scale":1,"image":"bead.png","prefix":"bead\/","md5":"d9ea87d9c8548e1b7c6e295dcc1404e8"}}
