{"frames":{"light_01.png":{"frame":{"x":0,"y":0,"w":132,"h":132,"idx":0},"spriteSourceSize":{"x":0,"y":0},"sourceSize":{"w":132,"h":132}},"light_02.png":{"frame":{"x":0,"y":134,"w":132,"h":132,"idx":0},"spriteSourceSize":{"x":0,"y":0},"sourceSize":{"w":132,"h":132}},"light_03.png":{"frame":{"x":0,"y":268,"w":132,"h":132,"idx":0},"spriteSourceSize":{"x":0,"y":0},"sourceSize":{"w":132,"h":132}},"light_04.png":{"frame":{"x":0,"y":402,"w":132,"h":132,"idx":0},"spriteSourceSize":{"x":0,"y":0},"sourceSize":{"w":132,"h":132}},"light_05.png":{"frame":{"x":134,"y":0,"w":132,"h":132,"idx":0},"spriteSourceSize":{"x":0,"y":0},"sourceSize":{"w":132,"h":132}},"light_06.png":{"frame":{"x":268,"y":0,"w":132,"h":132,"idx":0},"spriteSourceSize":{"x":0,"y":0},"sourceSize":{"w":132,"h":132}},"light_07.png":{"frame":{"x":402,"y":0,"w":132,"h":132,"idx":0},"spriteSourceSize":{"x":0,"y":0},"sourceSize":{"w":132,"h":132}},"light_08.png":{"frame":{"x":134,"y":134,"w":132,"h":132,"idx":0},"spriteSourceSize":{"x":0,"y":0},"sourceSize":{"w":132,"h":132}},"light_09.png":{"frame":{"x":134,"y":268,"w":132,"h":132,"idx":0},"spriteSourceSize":{"x":0,"y":0},"sourceSize":{"w":132,"h":132}},"light_10.png":{"frame":{"x":134,"y":402,"w":132,"h":132,"idx":0},"spriteSourceSize":{"x":0,"y":0},"sourceSize":{"w":132,"h":132}},"light_11.png":{"frame":{"x":268,"y":134,"w":132,"h":132,"idx":0},"spriteSourceSize":{"x":0,"y":0},"sourceSize":{"w":132,"h":132}},"light_12.png":{"frame":{"x":402,"y":134,"w":132,"h":132,"idx":0},"spriteSourceSize":{"x":0,"y":0},"sourceSize":{"w":132,"h":132}},"light_13.png":{"frame":{"x":268,"y":268,"w":132,"h":132,"idx":0},"spriteSourceSize":{"x":0,"y":0},"sourceSize":{"w":132,"h":132}},"light_14.png":{"frame":{"x":268,"y":402,"w":132,"h":132,"idx":0},"spriteSourceSize":{"x":0,"y":0},"sourceSize":{"w":132,"h":132}}},"meta":{"app":"http:\/\/www.layabox.com","version":"1.00","format":"json","scale":1,"image":"border.png","prefix":"border\/","md5":"c393926958e8ea2db43c633d580d740c"}}
