{"frames":{"sk.png":{"frame":{"x":0,"y":0,"w":800,"h":79,"idx":0},"spriteSourceSize":{"x":0,"y":0},"sourceSize":{"w":800,"h":79}},"dialog_back.png":{"frame":{"x":0,"y":81,"w":333,"h":189,"idx":0},"spriteSourceSize":{"x":0,"y":0},"sourceSize":{"w":333,"h":189}},"logo-lz.png":{"frame":{"x":335,"y":81,"w":400,"h":83,"idx":0},"spriteSourceSize":{"x":0,"y":0},"sourceSize":{"w":400,"h":83}},"dplogo-tr.png":{"frame":{"x":335,"y":166,"w":400,"h":83,"idx":0},"spriteSourceSize":{"x":0,"y":0},"sourceSize":{"w":400,"h":83}},"dplogo.png":{"frame":{"x":335,"y":251,"w":400,"h":83,"idx":0},"spriteSourceSize":{"x":0,"y":0},"sourceSize":{"w":400,"h":83}},"bg.png":{"frame":{"x":0,"y":272,"w":200,"h":150,"idx":0},"spriteSourceSize":{"x":0,"y":0},"sourceSize":{"w":200,"h":150}},"dpbtitle.png":{"frame":{"x":202,"y":336,"w":487,"h":60,"idx":0},"spriteSourceSize":{"x":0,"y":0},"sourceSize":{"w":487,"h":60}},"onclick.png":{"frame":{"x":0,"y":424,"w":116,"h":229,"idx":0},"spriteSourceSize":{"x":0,"y":0},"sourceSize":{"w":116,"h":229}},"control_panel_mobile_08.png":{"frame":{"x":118,"y":424,"w":115,"h":222,"idx":0},"spriteSourceSize":{"x":0,"y":0},"sourceSize":{"w":115,"h":222}},"control_panel_mobile_03.png":{"frame":{"x":235,"y":398,"w":101,"h":235,"idx":0},"spriteSourceSize":{"x":0,"y":0},"sourceSize":{"w":101,"h":235}},"control_panel_mobile_05.png":{"frame":{"x":338,"y":398,"w":106,"h":222,"idx":0},"spriteSourceSize":{"x":0,"y":0},"sourceSize":{"w":106,"h":222}},"control_panel_mobile_06.png":{"frame":{"x":446,"y":398,"w":104,"h":223,"idx":0},"spriteSourceSize":{"x":0,"y":0},"sourceSize":{"w":104,"h":223}},"you_win.png":{"frame":{"x":0,"y":655,"w":350,"h":66,"idx":0},"spriteSourceSize":{"x":0,"y":0},"sourceSize":{"w":350,"h":66}},"big_win.png":{"frame":{"x":0,"y":723,"w":319,"h":66,"idx":0},"spriteSourceSize":{"x":0,"y":0},"sourceSize":{"w":319,"h":66}},"fillin_box.png":{"frame":{"x":0,"y":791,"w":341,"h":57,"idx":0},"spriteSourceSize":{"x":0,"y":0},"sourceSize":{"w":341,"h":57}},"free_win.png":{"frame":{"x":352,"y":623,"w":373,"h":42,"idx":0},"spriteSourceSize":{"x":0,"y":0},"sourceSize":{"w":373,"h":42}},"forward.png":{"frame":{"x":552,"y":398,"w":150,"h":92,"idx":0},"spriteSourceSize":{"x":0,"y":0},"sourceSize":{"w":150,"h":92}},"close_btn.png":{"frame":{"x":552,"y":492,"w":150,"h":92,"idx":0},"spriteSourceSize":{"x":0,"y":0},"sourceSize":{"w":150,"h":92}},"back.png":{"frame":{"x":352,"y":667,"w":150,"h":92,"idx":0},"spriteSourceSize":{"x":0,"y":0},"sourceSize":{"w":150,"h":92}},"kuai.png":{"frame":{"x":343,"y":761,"w":436,"h":31,"idx":0},"spriteSourceSize":{"x":0,"y":0},"sourceSize":{"w":436,"h":31}},"dpbonus_03.png":{"frame":{"x":737,"y":81,"w":106,"h":106,"idx":0},"spriteSourceSize":{"x":0,"y":0},"sourceSize":{"w":106,"h":106}},"dpbonus_01.png":{"frame":{"x":737,"y":189,"w":106,"h":106,"idx":0},"spriteSourceSize":{"x":0,"y":0},"sourceSize":{"w":106,"h":106}},"award.png":{"frame":{"x":343,"y":794,"w":362,"h":31,"idx":0},"spriteSourceSize":{"x":0,"y":0},"sourceSize":{"w":362,"h":31}},"element.png":{"frame":{"x":737,"y":297,"w":98,"h":108,"idx":0},"spriteSourceSize":{"x":0,"y":0},"sourceSize":{"w":98,"h":108}},"start.png":{"frame":{"x":504,"y":667,"w":153,"h":65,"idx":0},"spriteSourceSize":{"x":0,"y":0},"sourceSize":{"w":153,"h":65}},"dpbonus_04.png":{"frame":{"x":659,"y":667,"w":163,"h":56,"idx":0},"spriteSourceSize":{"x":0,"y":0},"sourceSize":{"w":163,"h":56}},"btn_guangbi.png":{"frame":{"x":704,"y":407,"w":142,"h":64,"idx":0},"spriteSourceSize":{"x":0,"y":0},"sourceSize":{"w":142,"h":64}},"btn_shezhi.png":{"frame":{"x":704,"y":473,"w":142,"h":64,"idx":0},"spriteSourceSize":{"x":0,"y":0},"sourceSize":{"w":142,"h":64}},"dpbonus_06.png":{"frame":{"x":202,"y":272,"w":121,"h":62,"idx":0},"spriteSourceSize":{"x":0,"y":0},"sourceSize":{"w":121,"h":62}},"freetrial_button.png":{"frame":{"x":704,"y":539,"w":145,"h":49,"idx":0},"spriteSourceSize":{"x":0,"y":0},"sourceSize":{"w":145,"h":49}},"login_button.png":{"frame":{"x":707,"y":794,"w":145,"h":49,"idx":0},"spriteSourceSize":{"x":0,"y":0},"sourceSize":{"w":145,"h":49}},"button_dialog.png":{"frame":{"x":343,"y":827,"w":126,"h":39,"idx":0},"spriteSourceSize":{"x":0,"y":0},"sourceSize":{"w":126,"h":39}},"grid.png":{"frame":{"x":727,"y":590,"w":82,"h":50,"idx":0},"spriteSourceSize":{"x":0,"y":0},"sourceSize":{"w":82,"h":50}},"free_spins.png":{"frame":{"x":471,"y":827,"w":82,"h":40,"idx":0},"spriteSourceSize":{"x":0,"y":0},"sourceSize":{"w":82,"h":40}},"sq.png":{"frame":{"x":552,"y":586,"w":108,"h":27,"idx":0},"spriteSourceSize":{"x":0,"y":0},"sourceSize":{"w":108,"h":27}},"sqer.png":{"frame":{"x":727,"y":642,"w":98,"h":23,"idx":0},"spriteSourceSize":{"x":0,"y":0},"sourceSize":{"w":98,"h":23}},"wild.png":{"frame":{"x":555,"y":827,"w":75,"h":28,"idx":0},"spriteSourceSize":{"x":0,"y":0},"sourceSize":{"w":75,"h":28}},"divider.png":{"frame":{"x":0,"y":868,"w":365,"h":5,"idx":0},"spriteSourceSize":{"x":0,"y":0},"sourceSize":{"w":365,"h":5}},"loading_bar_glow.png":{"frame":{"x":504,"y":734,"w":74,"h":20,"idx":0},"spriteSourceSize":{"x":0,"y":0},"sourceSize":{"w":74,"h":20}},"vscroll$bar.png":{"frame":{"x":321,"y":723,"w":13,"h":51,"idx":0},"spriteSourceSize":{"x":0,"y":0},"sourceSize":{"w":13,"h":51}},"vscroll$up.png":{"frame":{"x":802,"y":0,"w":13,"h":51,"idx":0},"spriteSourceSize":{"x":0,"y":0},"sourceSize":{"w":13,"h":51}},"vscroll$down.png":{"frame":{"x":691,"y":336,"w":13,"h":51,"idx":0},"spriteSourceSize":{"x":0,"y":0},"sourceSize":{"w":13,"h":51}},"vscroll.png":{"frame":{"x":202,"y":398,"w":13,"h":14,"idx":0},"spriteSourceSize":{"x":0,"y":0},"sourceSize":{"w":13,"h":14}}},"meta":{"app":"http:\/\/www.layabox.com","version":"1.00","format":"json","scale":1,"image":"commen.png","prefix":"commen\/","md5":"7ea9e4caf7d700cd30fab8a414983248"}}
