{"frames":{"dragon_01.png":{"frame":{"x":0,"y":0,"w":142,"h":160,"idx":0},"spriteSourceSize":{"x":0,"y":0},"sourceSize":{"w":142,"h":160}},"dragon_02.png":{"frame":{"x":0,"y":162,"w":142,"h":160,"idx":0},"spriteSourceSize":{"x":0,"y":0},"sourceSize":{"w":142,"h":160}},"dragon_03.png":{"frame":{"x":0,"y":324,"w":142,"h":160,"idx":0},"spriteSourceSize":{"x":0,"y":0},"sourceSize":{"w":142,"h":160}},"dragon_04.png":{"frame":{"x":0,"y":486,"w":142,"h":160,"idx":0},"spriteSourceSize":{"x":0,"y":0},"sourceSize":{"w":142,"h":160}},"dragon_05.png":{"frame":{"x":144,"y":0,"w":142,"h":160,"idx":0},"spriteSourceSize":{"x":0,"y":0},"sourceSize":{"w":142,"h":160}},"dragon_06.png":{"frame":{"x":288,"y":0,"w":142,"h":160,"idx":0},"spriteSourceSize":{"x":0,"y":0},"sourceSize":{"w":142,"h":160}},"dragon_07.png":{"frame":{"x":432,"y":0,"w":142,"h":160,"idx":0},"spriteSourceSize":{"x":0,"y":0},"sourceSize":{"w":142,"h":160}},"dragon_08.png":{"frame":{"x":144,"y":162,"w":142,"h":160,"idx":0},"spriteSourceSize":{"x":0,"y":0},"sourceSize":{"w":142,"h":160}},"dragon_09.png":{"frame":{"x":144,"y":324,"w":142,"h":160,"idx":0},"spriteSourceSize":{"x":0,"y":0},"sourceSize":{"w":142,"h":160}},"dragon_10.png":{"frame":{"x":144,"y":486,"w":142,"h":160,"idx":0},"spriteSourceSize":{"x":0,"y":0},"sourceSize":{"w":142,"h":160}},"dragon_11.png":{"frame":{"x":288,"y":162,"w":142,"h":160,"idx":0},"spriteSourceSize":{"x":0,"y":0},"sourceSize":{"w":142,"h":160}},"dragon_12.png":{"frame":{"x":432,"y":162,"w":142,"h":160,"idx":0},"spriteSourceSize":{"x":0,"y":0},"sourceSize":{"w":142,"h":160}},"dragon_13.png":{"frame":{"x":288,"y":324,"w":142,"h":160,"idx":0},"spriteSourceSize":{"x":0,"y":0},"sourceSize":{"w":142,"h":160}}},"meta":{"app":"http:\/\/www.layabox.com","version":"1.00","format":"json","scale":1,"image":"dragon.png","prefix":"dragon\/","md5":"3d6b3a95d5383951881f53ac075f51f4"}}
