{"frames":{"fire_1.png":{"frame":{"x":0,"y":0,"w":122,"h":116,"idx":0},"spriteSourceSize":{"x":0,"y":0},"sourceSize":{"w":122,"h":116}},"fire_2.png":{"frame":{"x":124,"y":0,"w":122,"h":116,"idx":0},"spriteSourceSize":{"x":0,"y":0},"sourceSize":{"w":122,"h":116}},"fire_3.png":{"frame":{"x":248,"y":0,"w":122,"h":116,"idx":0},"spriteSourceSize":{"x":0,"y":0},"sourceSize":{"w":122,"h":116}},"fire_4.png":{"frame":{"x":0,"y":118,"w":122,"h":116,"idx":0},"spriteSourceSize":{"x":0,"y":0},"sourceSize":{"w":122,"h":116}},"fire_5.png":{"frame":{"x":0,"y":236,"w":122,"h":116,"idx":0},"spriteSourceSize":{"x":0,"y":0},"sourceSize":{"w":122,"h":116}},"fire_6.png":{"frame":{"x":124,"y":118,"w":122,"h":116,"idx":0},"spriteSourceSize":{"x":0,"y":0},"sourceSize":{"w":122,"h":116}},"fire_7.png":{"frame":{"x":248,"y":118,"w":122,"h":116,"idx":0},"spriteSourceSize":{"x":0,"y":0},"sourceSize":{"w":122,"h":116}}},"meta":{"app":"http:\/\/www.layabox.com","version":"1.00","format":"json","scale":1,"image":"fire.png","prefix":"fire\/","md5":"83dc146375e6a2da24fc0188ba4ecc83"}}
