{"frames":{"yanhua_01.png":{"frame":{"x":0,"y":0,"w":104,"h":102,"idx":0},"spriteSourceSize":{"x":0,"y":0},"sourceSize":{"w":104,"h":102}},"yanhua_02.png":{"frame":{"x":106,"y":0,"w":104,"h":102,"idx":0},"spriteSourceSize":{"x":0,"y":0},"sourceSize":{"w":104,"h":102}},"yanhua_03.png":{"frame":{"x":212,"y":0,"w":104,"h":102,"idx":0},"spriteSourceSize":{"x":0,"y":0},"sourceSize":{"w":104,"h":102}},"yanhua_04.png":{"frame":{"x":318,"y":0,"w":104,"h":102,"idx":0},"spriteSourceSize":{"x":0,"y":0},"sourceSize":{"w":104,"h":102}},"yanhua_05.png":{"frame":{"x":424,"y":0,"w":104,"h":102,"idx":0},"spriteSourceSize":{"x":0,"y":0},"sourceSize":{"w":104,"h":102}},"yanhua_06.png":{"frame":{"x":530,"y":0,"w":104,"h":102,"idx":0},"spriteSourceSize":{"x":0,"y":0},"sourceSize":{"w":104,"h":102}},"yanhua_07.png":{"frame":{"x":0,"y":104,"w":104,"h":102,"idx":0},"spriteSourceSize":{"x":0,"y":0},"sourceSize":{"w":104,"h":102}},"yanhua_08.png":{"frame":{"x":0,"y":208,"w":104,"h":102,"idx":0},"spriteSourceSize":{"x":0,"y":0},"sourceSize":{"w":104,"h":102}},"yanhua_09.png":{"frame":{"x":0,"y":312,"w":104,"h":102,"idx":0},"spriteSourceSize":{"x":0,"y":0},"sourceSize":{"w":104,"h":102}},"yanhua_10.png":{"frame":{"x":0,"y":416,"w":104,"h":102,"idx":0},"spriteSourceSize":{"x":0,"y":0},"sourceSize":{"w":104,"h":102}},"yanhua_11.png":{"frame":{"x":0,"y":520,"w":104,"h":102,"idx":0},"spriteSourceSize":{"x":0,"y":0},"sourceSize":{"w":104,"h":102}},"yanhua_12.png":{"frame":{"x":106,"y":104,"w":104,"h":102,"idx":0},"spriteSourceSize":{"x":0,"y":0},"sourceSize":{"w":104,"h":102}},"yanhua_13.png":{"frame":{"x":212,"y":104,"w":104,"h":102,"idx":0},"spriteSourceSize":{"x":0,"y":0},"sourceSize":{"w":104,"h":102}},"yanhua_14.png":{"frame":{"x":318,"y":104,"w":104,"h":102,"idx":0},"spriteSourceSize":{"x":0,"y":0},"sourceSize":{"w":104,"h":102}},"yanhua_15.png":{"frame":{"x":424,"y":104,"w":104,"h":102,"idx":0},"spriteSourceSize":{"x":0,"y":0},"sourceSize":{"w":104,"h":102}},"yanhua_16.png":{"frame":{"x":530,"y":104,"w":104,"h":102,"idx":0},"spriteSourceSize":{"x":0,"y":0},"sourceSize":{"w":104,"h":102}},"yanhua_17.png":{"frame":{"x":106,"y":208,"w":104,"h":102,"idx":0},"spriteSourceSize":{"x":0,"y":0},"sourceSize":{"w":104,"h":102}},"yanhua_18.png":{"frame":{"x":106,"y":312,"w":104,"h":102,"idx":0},"spriteSourceSize":{"x":0,"y":0},"sourceSize":{"w":104,"h":102}},"yanhua_19.png":{"frame":{"x":106,"y":416,"w":104,"h":102,"idx":0},"spriteSourceSize":{"x":0,"y":0},"sourceSize":{"w":104,"h":102}},"yanhua_20.png":{"frame":{"x":106,"y":520,"w":104,"h":102,"idx":0},"spriteSourceSize":{"x":0,"y":0},"sourceSize":{"w":104,"h":102}},"yanhua_21.png":{"frame":{"x":212,"y":208,"w":104,"h":102,"idx":0},"spriteSourceSize":{"x":0,"y":0},"sourceSize":{"w":104,"h":102}},"yanhua_22.png":{"frame":{"x":318,"y":208,"w":104,"h":102,"idx":0},"spriteSourceSize":{"x":0,"y":0},"sourceSize":{"w":104,"h":102}},"yanhua_23.png":{"frame":{"x":424,"y":208,"w":104,"h":102,"idx":0},"spriteSourceSize":{"x":0,"y":0},"sourceSize":{"w":104,"h":102}},"yanhua_24.png":{"frame":{"x":530,"y":208,"w":104,"h":102,"idx":0},"spriteSourceSize":{"x":0,"y":0},"sourceSize":{"w":104,"h":102}},"yanhua_25.png":{"frame":{"x":212,"y":312,"w":104,"h":102,"idx":0},"spriteSourceSize":{"x":0,"y":0},"sourceSize":{"w":104,"h":102}},"yanhua_26.png":{"frame":{"x":212,"y":416,"w":104,"h":102,"idx":0},"spriteSourceSize":{"x":0,"y":0},"sourceSize":{"w":104,"h":102}},"yanhua_27.png":{"frame":{"x":212,"y":520,"w":104,"h":102,"idx":0},"spriteSourceSize":{"x":0,"y":0},"sourceSize":{"w":104,"h":102}},"yanhua_28.png":{"frame":{"x":318,"y":312,"w":104,"h":102,"idx":0},"spriteSourceSize":{"x":0,"y":0},"sourceSize":{"w":104,"h":102}},"yanhua_29.png":{"frame":{"x":424,"y":312,"w":104,"h":102,"idx":0},"spriteSourceSize":{"x":0,"y":0},"sourceSize":{"w":104,"h":102}},"yanhua_30.png":{"frame":{"x":530,"y":312,"w":104,"h":102,"idx":0},"spriteSourceSize":{"x":0,"y":0},"sourceSize":{"w":104,"h":102}},"yanhua_31.png":{"frame":{"x":318,"y":416,"w":104,"h":102,"idx":0},"spriteSourceSize":{"x":0,"y":0},"sourceSize":{"w":104,"h":102}}},"meta":{"app":"http:\/\/www.layabox.com","version":"1.00","format":"json","scale":1,"image":"firework.png","prefix":"firework\/","md5":"c0b1b7a3e253346368d8cf6b8b42e22c"}}
