{"frames":{"W.png":{"frame":{"x":0,"y":0,"w":114,"h":136,"idx":0},"spriteSourceSize":{"x":0,"y":0},"sourceSize":{"w":114,"h":136}},"H2.png":{"frame":{"x":0,"y":138,"w":114,"h":111,"idx":0},"spriteSourceSize":{"x":0,"y":0},"sourceSize":{"w":114,"h":111}},"H3.png":{"frame":{"x":0,"y":251,"w":114,"h":111,"idx":0},"spriteSourceSize":{"x":0,"y":0},"sourceSize":{"w":114,"h":111}},"L1.png":{"frame":{"x":116,"y":0,"w":114,"h":111,"idx":0},"spriteSourceSize":{"x":0,"y":0},"sourceSize":{"w":114,"h":111}},"L2.png":{"frame":{"x":232,"y":0,"w":114,"h":111,"idx":0},"spriteSourceSize":{"x":0,"y":0},"sourceSize":{"w":114,"h":111}},"H1.png":{"frame":{"x":116,"y":113,"w":114,"h":111,"idx":0},"spriteSourceSize":{"x":0,"y":0},"sourceSize":{"w":114,"h":111}},"L4.png":{"frame":{"x":232,"y":113,"w":114,"h":111,"idx":0},"spriteSourceSize":{"x":0,"y":0},"sourceSize":{"w":114,"h":111}},"L5.png":{"frame":{"x":116,"y":226,"w":114,"h":111,"idx":0},"spriteSourceSize":{"x":0,"y":0},"sourceSize":{"w":114,"h":111}},"L6.png":{"frame":{"x":116,"y":339,"w":114,"h":111,"idx":0},"spriteSourceSize":{"x":0,"y":0},"sourceSize":{"w":114,"h":111}},"S.png":{"frame":{"x":232,"y":226,"w":114,"h":111,"idx":0},"spriteSourceSize":{"x":0,"y":0},"sourceSize":{"w":114,"h":111}},"L3.png":{"frame":{"x":232,"y":339,"w":114,"h":111,"idx":0},"spriteSourceSize":{"x":0,"y":0},"sourceSize":{"w":114,"h":111}}},"meta":{"app":"http:\/\/www.layabox.com","version":"1.00","format":"json","scale":1,"image":"fuzzy.png","prefix":"fuzzy\/","md5":"02833307be544d460d713f0739e1aadc"}}
