{"frames":{"golden_1.png":{"frame":{"x":0,"y":0,"w":114,"h":115,"idx":0},"spriteSourceSize":{"x":0,"y":0},"sourceSize":{"w":114,"h":115}},"golden_2.png":{"frame":{"x":0,"y":117,"w":114,"h":115,"idx":0},"spriteSourceSize":{"x":0,"y":0},"sourceSize":{"w":114,"h":115}},"golden_3.png":{"frame":{"x":116,"y":0,"w":114,"h":115,"idx":0},"spriteSourceSize":{"x":0,"y":0},"sourceSize":{"w":114,"h":115}},"golden_4.png":{"frame":{"x":232,"y":0,"w":114,"h":115,"idx":0},"spriteSourceSize":{"x":0,"y":0},"sourceSize":{"w":114,"h":115}},"golden_5.png":{"frame":{"x":116,"y":117,"w":114,"h":115,"idx":0},"spriteSourceSize":{"x":0,"y":0},"sourceSize":{"w":114,"h":115}},"golden_6.png":{"frame":{"x":232,"y":117,"w":114,"h":115,"idx":0},"spriteSourceSize":{"x":0,"y":0},"sourceSize":{"w":114,"h":115}}},"meta":{"app":"http:\/\/www.layabox.com","version":"1.00","format":"json","scale":1,"image":"golden.png","prefix":"golden\/","md5":"b943aa88a2cf2436cd70c04af81c6f63"}}
