{"frames":{"1.png":{"frame":{"x":0,"y":0,"w":129,"h":129,"idx":0},"spriteSourceSize":{"x":0,"y":0},"sourceSize":{"w":129,"h":129}},"10.png":{"frame":{"x":0,"y":131,"w":129,"h":129,"idx":0},"spriteSourceSize":{"x":0,"y":0},"sourceSize":{"w":129,"h":129}},"11.png":{"frame":{"x":0,"y":262,"w":129,"h":129,"idx":0},"spriteSourceSize":{"x":0,"y":0},"sourceSize":{"w":129,"h":129}},"12.png":{"frame":{"x":0,"y":393,"w":129,"h":129,"idx":0},"spriteSourceSize":{"x":0,"y":0},"sourceSize":{"w":129,"h":129}},"13.png":{"frame":{"x":131,"y":0,"w":129,"h":129,"idx":0},"spriteSourceSize":{"x":0,"y":0},"sourceSize":{"w":129,"h":129}},"14.png":{"frame":{"x":262,"y":0,"w":129,"h":129,"idx":0},"spriteSourceSize":{"x":0,"y":0},"sourceSize":{"w":129,"h":129}},"15.png":{"frame":{"x":393,"y":0,"w":129,"h":129,"idx":0},"spriteSourceSize":{"x":0,"y":0},"sourceSize":{"w":129,"h":129}},"16.png":{"frame":{"x":524,"y":0,"w":129,"h":129,"idx":0},"spriteSourceSize":{"x":0,"y":0},"sourceSize":{"w":129,"h":129}},"17.png":{"frame":{"x":131,"y":131,"w":129,"h":129,"idx":0},"spriteSourceSize":{"x":0,"y":0},"sourceSize":{"w":129,"h":129}},"18.png":{"frame":{"x":131,"y":262,"w":129,"h":129,"idx":0},"spriteSourceSize":{"x":0,"y":0},"sourceSize":{"w":129,"h":129}},"19.png":{"frame":{"x":131,"y":393,"w":129,"h":129,"idx":0},"spriteSourceSize":{"x":0,"y":0},"sourceSize":{"w":129,"h":129}},"2.png":{"frame":{"x":262,"y":131,"w":129,"h":129,"idx":0},"spriteSourceSize":{"x":0,"y":0},"sourceSize":{"w":129,"h":129}},"20.png":{"frame":{"x":393,"y":131,"w":129,"h":129,"idx":0},"spriteSourceSize":{"x":0,"y":0},"sourceSize":{"w":129,"h":129}},"3.png":{"frame":{"x":524,"y":131,"w":129,"h":129,"idx":0},"spriteSourceSize":{"x":0,"y":0},"sourceSize":{"w":129,"h":129}},"4.png":{"frame":{"x":262,"y":262,"w":129,"h":129,"idx":0},"spriteSourceSize":{"x":0,"y":0},"sourceSize":{"w":129,"h":129}},"5.png":{"frame":{"x":262,"y":393,"w":129,"h":129,"idx":0},"spriteSourceSize":{"x":0,"y":0},"sourceSize":{"w":129,"h":129}},"6.png":{"frame":{"x":393,"y":262,"w":129,"h":129,"idx":0},"spriteSourceSize":{"x":0,"y":0},"sourceSize":{"w":129,"h":129}},"7.png":{"frame":{"x":524,"y":262,"w":129,"h":129,"idx":0},"spriteSourceSize":{"x":0,"y":0},"sourceSize":{"w":129,"h":129}},"8.png":{"frame":{"x":393,"y":393,"w":129,"h":129,"idx":0},"spriteSourceSize":{"x":0,"y":0},"sourceSize":{"w":129,"h":129}},"9.png":{"frame":{"x":524,"y":393,"w":129,"h":129,"idx":0},"spriteSourceSize":{"x":0,"y":0},"sourceSize":{"w":129,"h":129}}},"meta":{"app":"http:\/\/www.layabox.com","version":"1.00","format":"json","scale":1,"image":"kuang.png","prefix":"kuang\/","md5":"7f829ba19610a831062fe71cc5a24b58"}}
