{"frames":{"xian_4.png":{"frame":{"x":0,"y":0,"w":714,"h":316,"idx":0},"spriteSourceSize":{"x":0,"y":0},"sourceSize":{"w":714,"h":316}},"xian_15.png":{"frame":{"x":716,"y":0,"w":689,"h":319,"idx":0},"spriteSourceSize":{"x":0,"y":0},"sourceSize":{"w":689,"h":319}},"xian_5.png":{"frame":{"x":0,"y":321,"w":715,"h":301,"idx":0},"spriteSourceSize":{"x":0,"y":0},"sourceSize":{"w":715,"h":301}},"xian_16.png":{"frame":{"x":717,"y":321,"w":700,"h":284,"idx":0},"spriteSourceSize":{"x":0,"y":0},"sourceSize":{"w":700,"h":284}},"xian_18.png":{"frame":{"x":717,"y":607,"w":702,"h":275,"idx":0},"spriteSourceSize":{"x":0,"y":0},"sourceSize":{"w":702,"h":275}},"xian_11.png":{"frame":{"x":0,"y":624,"w":683,"h":282,"idx":0},"spriteSourceSize":{"x":0,"y":0},"sourceSize":{"w":683,"h":282}},"xian_10.png":{"frame":{"x":685,"y":884,"w":714,"h":267,"idx":0},"spriteSourceSize":{"x":0,"y":0},"sourceSize":{"w":714,"h":267}},"xian_13.png":{"frame":{"x":0,"y":1153,"w":691,"h":266,"idx":0},"spriteSourceSize":{"x":0,"y":0},"sourceSize":{"w":691,"h":266}},"xian_19.png":{"frame":{"x":693,"y":1153,"w":707,"h":259,"idx":0},"spriteSourceSize":{"x":0,"y":0},"sourceSize":{"w":707,"h":259}},"xian_17.png":{"frame":{"x":693,"y":1414,"w":690,"h":258,"idx":0},"spriteSourceSize":{"x":0,"y":0},"sourceSize":{"w":690,"h":258}},"xian_14.png":{"frame":{"x":0,"y":1674,"w":706,"h":252,"idx":0},"spriteSourceSize":{"x":0,"y":0},"sourceSize":{"w":706,"h":252}},"xian_12.png":{"frame":{"x":708,"y":1674,"w":695,"h":255,"idx":0},"spriteSourceSize":{"x":0,"y":0},"sourceSize":{"w":695,"h":255}},"xian_7.png":{"frame":{"x":0,"y":0,"w":711,"h":203,"idx":1},"spriteSourceSize":{"x":0,"y":0},"sourceSize":{"w":711,"h":203}},"xian_9.png":{"frame":{"x":0,"y":205,"w":712,"h":170,"idx":1},"spriteSourceSize":{"x":0,"y":0},"sourceSize":{"w":712,"h":170}},"xian_6.png":{"frame":{"x":0,"y":377,"w":712,"h":146,"idx":1},"spriteSourceSize":{"x":0,"y":0},"sourceSize":{"w":712,"h":146}},"xian_8.png":{"frame":{"x":0,"y":525,"w":712,"h":139,"idx":1},"spriteSourceSize":{"x":0,"y":0},"sourceSize":{"w":712,"h":139}},"xian_20.png":{"frame":{"x":0,"y":666,"w":694,"h":119,"idx":1},"spriteSourceSize":{"x":0,"y":0},"sourceSize":{"w":694,"h":119}},"xian_1.png":{"frame":{"x":0,"y":787,"w":686,"h":40,"idx":1},"spriteSourceSize":{"x":0,"y":0},"sourceSize":{"w":686,"h":40}},"xian_3.png":{"frame":{"x":0,"y":829,"w":690,"h":25,"idx":1},"spriteSourceSize":{"x":0,"y":0},"sourceSize":{"w":690,"h":25}},"xian_2.png":{"frame":{"x":0,"y":856,"w":689,"h":20,"idx":1},"spriteSourceSize":{"x":0,"y":0},"sourceSize":{"w":689,"h":20}}},"meta":{"app":"http:\/\/www.layabox.com","version":"1.00","format":"json","scale":1,"image":"line.png,line1~.png","prefix":"line\/","md5":"267df6829b147058a3ce6f2df68bab50"}}
