{"frames":{"money_1.png":{"frame":{"x":0,"y":0,"w":128,"h":126,"idx":0},"spriteSourceSize":{"x":0,"y":0},"sourceSize":{"w":128,"h":126}},"money_2.png":{"frame":{"x":130,"y":0,"w":128,"h":126,"idx":0},"spriteSourceSize":{"x":0,"y":0},"sourceSize":{"w":128,"h":126}},"money_3.png":{"frame":{"x":0,"y":128,"w":128,"h":126,"idx":0},"spriteSourceSize":{"x":0,"y":0},"sourceSize":{"w":128,"h":126}},"money_4.png":{"frame":{"x":0,"y":256,"w":128,"h":126,"idx":0},"spriteSourceSize":{"x":0,"y":0},"sourceSize":{"w":128,"h":126}},"money_5.png":{"frame":{"x":130,"y":128,"w":128,"h":126,"idx":0},"spriteSourceSize":{"x":0,"y":0},"sourceSize":{"w":128,"h":126}},"money_6.png":{"frame":{"x":130,"y":256,"w":128,"h":126,"idx":0},"spriteSourceSize":{"x":0,"y":0},"sourceSize":{"w":128,"h":126}}},"meta":{"app":"http:\/\/www.layabox.com","version":"1.00","format":"json","scale":1,"image":"money.png","prefix":"money\/","md5":"bae5d0ae6d6e6eba8ea41d160ea3d2b1"}}
