{"frames":{"W.png":{"frame":{"x":0,"y":0,"w":84,"h":80,"idx":0},"spriteSourceSize":{"x":0,"y":0},"sourceSize":{"w":84,"h":80}},"$.png":{"frame":{"x":86,"y":0,"w":58,"h":90,"idx":0},"spriteSourceSize":{"x":0,"y":0},"sourceSize":{"w":58,"h":90}},"K.png":{"frame":{"x":0,"y":82,"w":62,"h":80,"idx":0},"spriteSourceSize":{"x":0,"y":0},"sourceSize":{"w":62,"h":80}},"L.png":{"frame":{"x":64,"y":92,"w":53,"h":90,"idx":0},"spriteSourceSize":{"x":0,"y":0},"sourceSize":{"w":53,"h":90}},"¥.png":{"frame":{"x":0,"y":164,"w":58,"h":80,"idx":0},"spriteSourceSize":{"x":0,"y":0},"sourceSize":{"w":58,"h":80}},"E.png":{"frame":{"x":119,"y":92,"w":56,"h":76,"idx":0},"spriteSourceSize":{"x":0,"y":0},"sourceSize":{"w":56,"h":76}},"4.png":{"frame":{"x":146,"y":0,"w":56,"h":71,"idx":0},"spriteSourceSize":{"x":0,"y":0},"sourceSize":{"w":56,"h":71}},"0.png":{"frame":{"x":119,"y":170,"w":55,"h":71,"idx":0},"spriteSourceSize":{"x":0,"y":0},"sourceSize":{"w":55,"h":71}},"8.png":{"frame":{"x":60,"y":184,"w":52,"h":71,"idx":0},"spriteSourceSize":{"x":0,"y":0},"sourceSize":{"w":52,"h":71}},"3.png":{"frame":{"x":176,"y":170,"w":51,"h":71,"idx":0},"spriteSourceSize":{"x":0,"y":0},"sourceSize":{"w":51,"h":71}},"5.png":{"frame":{"x":177,"y":73,"w":51,"h":70,"idx":0},"spriteSourceSize":{"x":0,"y":0},"sourceSize":{"w":51,"h":70}},"6.png":{"frame":{"x":204,"y":0,"w":50,"h":71,"idx":0},"spriteSourceSize":{"x":0,"y":0},"sourceSize":{"w":50,"h":71}},"7.png":{"frame":{"x":229,"y":145,"w":49,"h":71,"idx":0},"spriteSourceSize":{"x":0,"y":0},"sourceSize":{"w":49,"h":71}},"2.png":{"frame":{"x":229,"y":218,"w":49,"h":71,"idx":0},"spriteSourceSize":{"x":0,"y":0},"sourceSize":{"w":49,"h":71}},"1.png":{"frame":{"x":114,"y":243,"w":49,"h":71,"idx":0},"spriteSourceSize":{"x":0,"y":0},"sourceSize":{"w":49,"h":71}},"9.png":{"frame":{"x":165,"y":243,"w":49,"h":71,"idx":0},"spriteSourceSize":{"x":0,"y":0},"sourceSize":{"w":49,"h":71}},"comma.png":{"frame":{"x":0,"y":246,"w":38,"h":41,"idx":0},"spriteSourceSize":{"x":0,"y":0},"sourceSize":{"w":38,"h":41}},"dot.png":{"frame":{"x":40,"y":257,"w":29,"h":30,"idx":0},"spriteSourceSize":{"x":0,"y":0},"sourceSize":{"w":29,"h":30}}},"meta":{"app":"http:\/\/www.layabox.com","version":"1.00","format":"json","scale":1,"image":"number.png","prefix":"number\/","md5":"9fa82c53eeaa35cc6180fab216de7cb7"}}
