{"frames":{"paylines.png":{"frame":{"x":0,"y":0,"w":539,"h":273,"idx":0},"spriteSourceSize":{"x":0,"y":0},"sourceSize":{"w":539,"h":273}},"back.png":{"frame":{"x":541,"y":0,"w":150,"h":110,"idx":0},"spriteSourceSize":{"x":0,"y":0},"sourceSize":{"w":150,"h":110}},"bet_settings.png":{"frame":{"x":693,"y":0,"w":150,"h":110,"idx":0},"spriteSourceSize":{"x":0,"y":0},"sourceSize":{"w":150,"h":110}},"info.png":{"frame":{"x":845,"y":0,"w":150,"h":110,"idx":0},"spriteSourceSize":{"x":0,"y":0},"sourceSize":{"w":150,"h":110}},"audio_settings.png":{"frame":{"x":541,"y":112,"w":150,"h":110,"idx":0},"spriteSourceSize":{"x":0,"y":0},"sourceSize":{"w":150,"h":110}},"pays.png":{"frame":{"x":541,"y":224,"w":150,"h":110,"idx":0},"spriteSourceSize":{"x":0,"y":0},"sourceSize":{"w":150,"h":110}},"spin_settings.png":{"frame":{"x":693,"y":112,"w":150,"h":110,"idx":0},"spriteSourceSize":{"x":0,"y":0},"sourceSize":{"w":150,"h":110}},"zhezhao.png":{"frame":{"x":845,"y":112,"w":114,"h":111,"idx":0},"spriteSourceSize":{"x":0,"y":0},"sourceSize":{"w":114,"h":111}},"switch_off.png":{"frame":{"x":693,"y":224,"w":120,"h":41,"idx":0},"spriteSourceSize":{"x":0,"y":0},"sourceSize":{"w":120,"h":41}},"switch_on.png":{"frame":{"x":815,"y":225,"w":120,"h":41,"idx":0},"spriteSourceSize":{"x":0,"y":0},"sourceSize":{"w":120,"h":41}},"sl_circle.png":{"frame":{"x":937,"y":225,"w":48,"h":48,"idx":0},"spriteSourceSize":{"x":0,"y":0},"sourceSize":{"w":48,"h":48}},"seting_line.png":{"frame":{"x":0,"y":336,"w":1009,"h":2,"idx":0},"spriteSourceSize":{"x":0,"y":0},"sourceSize":{"w":1009,"h":2}}},"meta":{"app":"http:\/\/www.layabox.com","version":"1.00","format":"json","scale":1,"image":"setting.png","prefix":"setting\/","md5":"b07de5bb3a0e965a0a6705d5cad6c6a2"}}
