{"frames":{"13.png":{"frame":{"x":0,"y":0,"w":29,"h":31,"idx":0},"spriteSourceSize":{"x":0,"y":0},"sourceSize":{"w":29,"h":31}},"10.png":{"frame":{"x":0,"y":33,"w":28,"h":31,"idx":0},"spriteSourceSize":{"x":0,"y":0},"sourceSize":{"w":28,"h":31}},"6.png":{"frame":{"x":0,"y":66,"w":28,"h":31,"idx":0},"spriteSourceSize":{"x":0,"y":0},"sourceSize":{"w":28,"h":31}},"12.png":{"frame":{"x":30,"y":33,"w":28,"h":31,"idx":0},"spriteSourceSize":{"x":0,"y":0},"sourceSize":{"w":28,"h":31}},"18.png":{"frame":{"x":31,"y":0,"w":28,"h":31,"idx":0},"spriteSourceSize":{"x":0,"y":0},"sourceSize":{"w":28,"h":31}},"2.png":{"frame":{"x":30,"y":66,"w":28,"h":31,"idx":0},"spriteSourceSize":{"x":0,"y":0},"sourceSize":{"w":28,"h":31}},"15.png":{"frame":{"x":60,"y":33,"w":28,"h":31,"idx":0},"spriteSourceSize":{"x":0,"y":0},"sourceSize":{"w":28,"h":31}},"9.png":{"frame":{"x":61,"y":0,"w":27,"h":31,"idx":0},"spriteSourceSize":{"x":0,"y":0},"sourceSize":{"w":27,"h":31}},"1.png":{"frame":{"x":0,"y":99,"w":28,"h":28,"idx":0},"spriteSourceSize":{"x":0,"y":0},"sourceSize":{"w":28,"h":28}},"16.png":{"frame":{"x":30,"y":99,"w":28,"h":28,"idx":0},"spriteSourceSize":{"x":0,"y":0},"sourceSize":{"w":28,"h":28}},"11.png":{"frame":{"x":60,"y":66,"w":28,"h":28,"idx":0},"spriteSourceSize":{"x":0,"y":0},"sourceSize":{"w":28,"h":28}},"5.png":{"frame":{"x":60,"y":96,"w":28,"h":28,"idx":0},"spriteSourceSize":{"x":0,"y":0},"sourceSize":{"w":28,"h":28}},"20.png":{"frame":{"x":90,"y":0,"w":28,"h":28,"idx":0},"spriteSourceSize":{"x":0,"y":0},"sourceSize":{"w":28,"h":28}},"3.png":{"frame":{"x":120,"y":0,"w":28,"h":28,"idx":0},"spriteSourceSize":{"x":0,"y":0},"sourceSize":{"w":28,"h":28}},"19.png":{"frame":{"x":90,"y":30,"w":28,"h":28,"idx":0},"spriteSourceSize":{"x":0,"y":0},"sourceSize":{"w":28,"h":28}},"14.png":{"frame":{"x":120,"y":30,"w":28,"h":27,"idx":0},"spriteSourceSize":{"x":0,"y":0},"sourceSize":{"w":28,"h":27}},"17.png":{"frame":{"x":120,"y":59,"w":28,"h":27,"idx":0},"spriteSourceSize":{"x":0,"y":0},"sourceSize":{"w":28,"h":27}},"7.png":{"frame":{"x":90,"y":60,"w":28,"h":27,"idx":0},"spriteSourceSize":{"x":0,"y":0},"sourceSize":{"w":28,"h":27}},"8.png":{"frame":{"x":120,"y":88,"w":27,"h":28,"idx":0},"spriteSourceSize":{"x":0,"y":0},"sourceSize":{"w":27,"h":28}},"4.png":{"frame":{"x":90,"y":89,"w":28,"h":27,"idx":0},"spriteSourceSize":{"x":0,"y":0},"sourceSize":{"w":28,"h":27}}},"meta":{"app":"http:\/\/www.layabox.com","version":"1.00","format":"json","scale":1,"image":"side.png","prefix":"side\/","md5":"51233152976a96ed87b4697cd4c8073b"}}
