{"frames":{"W.png":{"frame":{"x":0,"y":0,"w":142,"h":160,"idx":0},"spriteSourceSize":{"x":0,"y":0},"sourceSize":{"w":142,"h":160}},"S.png":{"frame":{"x":0,"y":162,"w":125,"h":135,"idx":0},"spriteSourceSize":{"x":0,"y":0},"sourceSize":{"w":125,"h":135}},"H2.png":{"frame":{"x":144,"y":0,"w":128,"h":126,"idx":0},"spriteSourceSize":{"x":0,"y":0},"sourceSize":{"w":128,"h":126}},"H1.png":{"frame":{"x":0,"y":299,"w":122,"h":116,"idx":0},"spriteSourceSize":{"x":0,"y":0},"sourceSize":{"w":122,"h":116}},"H3.png":{"frame":{"x":274,"y":0,"w":114,"h":115,"idx":0},"spriteSourceSize":{"x":0,"y":0},"sourceSize":{"w":114,"h":115}},"L1.png":{"frame":{"x":144,"y":128,"w":126,"h":97,"idx":0},"spriteSourceSize":{"x":0,"y":0},"sourceSize":{"w":126,"h":97}},"L4.png":{"frame":{"x":127,"y":227,"w":126,"h":97,"idx":0},"spriteSourceSize":{"x":0,"y":0},"sourceSize":{"w":126,"h":97}},"L5.png":{"frame":{"x":124,"y":326,"w":126,"h":97,"idx":0},"spriteSourceSize":{"x":0,"y":0},"sourceSize":{"w":126,"h":97}},"L6.png":{"frame":{"x":274,"y":117,"w":126,"h":97,"idx":0},"spriteSourceSize":{"x":0,"y":0},"sourceSize":{"w":126,"h":97}},"L2.png":{"frame":{"x":272,"y":216,"w":126,"h":97,"idx":0},"spriteSourceSize":{"x":0,"y":0},"sourceSize":{"w":126,"h":97}},"L3.png":{"frame":{"x":255,"y":315,"w":126,"h":97,"idx":0},"spriteSourceSize":{"x":0,"y":0},"sourceSize":{"w":126,"h":97}}},"meta":{"app":"http:\/\/www.layabox.com","version":"1.00","format":"json","scale":1,"image":"symbols.png","prefix":"symbols\/","md5":"5a8fff74b7b589ace5b20511010a2868"}}
