{"frames":{"BackProgressBar$bar.png":{"frame":{"x":0,"y":0,"w":43,"h":159,"idx":0},"spriteSourceSize":{"x":0,"y":0},"sourceSize":{"w":43,"h":159}},"BackProgressBar.png":{"frame":{"x":45,"y":0,"w":31,"h":45,"idx":0},"spriteSourceSize":{"x":0,"y":0},"sourceSize":{"w":31,"h":45}},"hslider.png":{"frame":{"x":45,"y":47,"w":100,"h":6,"idx":0},"spriteSourceSize":{"x":0,"y":0},"sourceSize":{"w":100,"h":6}},"hslider$bar.png":{"frame":{"x":78,"y":0,"w":14,"h":42,"idx":0},"spriteSourceSize":{"x":0,"y":0},"sourceSize":{"w":14,"h":42}}},"meta":{"app":"http:\/\/www.layabox.com","version":"1.00","format":"json","scale":1,"image":"ScrollBar.png","prefix":"template\/ScrollBar\/","md5":"ccb6389cbe36444fd189afefe52bc9e6"}}
